{"data":{"years":[2009,2010,2011,2012,2013,2014],"X0.99":[35010.9,15510.7,11937.4800000001,18959.92,17595.04,290.18],"X0.95":[22486.5,5291,4014.9,5736.59999999999,6768.09999999999,278.9],"X0.5":[310,179.5,217,143,130,152],"X0.25":[129,31,33.25,19,12.5,81.5]},"labels":[0.99,0.95,0.5,0.25]}