{"data":{"years":[2009,2010,2011,2012,2013,2014,2015],"X0.99":[35010.9,15510.7,11937.4800000001,18959.92,17590.18,32498.6399999998,8686.03],"X0.95":[22486.5,5291,4014.9,5736.59999999999,6870.2,7132,4655.25],"X0.5":[310,179.5,217,143,130.5,163,93],"X0.25":[129,31,33.25,19,12.75,24,22.25]},"labels":[0.99,0.95,0.5,0.25]}